,open,high,low,close,volume,idx_stamp,VWAP_D
2021-08-24 08:30:00,3306.26,3317.54,3299.0,3317.5,7853.54934,2021-08-24 08:30:00,3311.346666666667
2021-08-24 09:00:00,3317.5,3319.99,3285.19,3285.26,13671.20924,2021-08-24 09:00:00,3302.115982837335
2021-08-24 09:30:00,3285.25,3285.25,3242.01,3250.14,44049.04049,2021-08-24 09:30:00,3273.2424922782757
2021-08-24 10:00:00,3250.15,3250.84,3220.0,3250.71,29559.34091,2021-08-24 10:00:00,3263.0740710948885
2021-08-24 10:30:00,3250.7,3255.44,3235.35,3238.0,18393.34737,2021-08-24 10:30:00,3259.8103666877223
2021-08-24 11:00:00,3238.01,3244.88,3228.0,3241.71,11207.38472,2021-08-24 11:00:00,3257.868367715521
2021-08-24 11:30:00,3241.71,3241.71,3200.01,3211.54,22881.3768,2021-08-24 11:30:00,3251.6502620382944
2021-08-24 12:00:00,3211.54,3211.87,3147.31,3177.84,54288.21355,2021-08-24 12:00:00,3232.117704392646
2021-08-24 12:30:00,3177.84,3186.62,3157.26,3167.51,17018.58057,2021-08-24 12:30:00,3227.3248116028894
2021-08-24 13:00:00,3167.5,3201.0,3160.12,3198.01,15156.63879,2021-08-24 13:00:00,3224.6734114958854
2021-08-24 13:30:00,3198.0,3198.0,3177.87,3178.23,9468.40211,2021-08-24 13:30:00,3223.119361545025
2021-08-24 14:00:00,3178.23,3192.31,3168.0,3178.37,8590.8599,2021-08-24 14:00:00,3221.6352042351737
2021-08-24 14:30:00,3178.63,3189.82,3164.0,3188.67,7218.75251,2021-08-24 14:30:00,3220.4994607795547
2021-08-24 15:00:00,3188.66,3196.47,3171.5,3173.23,6252.62866,2021-08-24 15:00:00,3219.555491520348
2021-08-24 15:30:00,3173.23,3230.0,3170.0,3217.44,20244.55934,2021-08-24 15:30:00,3218.5822532606758
2021-08-24 16:00:00,3217.45,3217.97,3188.12,3215.28,12666.50805,2021-08-24 16:00:00,3218.096040240649
2021-08-24 16:30:00,3215.29,3220.94,3211.14,3217.0,5670.01576,2021-08-24 16:30:00,3218.0636809838743
2021-08-24 17:00:00,3216.99,3220.0,3196.5,3203.43,5447.81345,2021-08-24 17:00:00,3217.862749964374
2021-08-24 17:30:00,3203.43,3210.33,3176.88,3198.04,6929.74122,2021-08-24 17:30:00,3217.3641036041754
2021-08-24 18:00:00,3198.04,3225.0,3190.45,3215.49,6574.20947,2021-08-24 18:00:00,3217.2206582582376
2021-08-24 18:30:00,3215.5,3216.24,3197.98,3215.26,4268.48202,2021-08-24 18:30:00,3217.1242621277115
2021-08-24 19:00:00,3215.27,3218.49,3186.73,3187.88,8941.18858,2021-08-24 19:00:00,3216.607909997039
2021-08-24 19:30:00,3187.83,3196.83,3166.6,3170.62,10912.06935,2021-08-24 19:30:00,3215.3952578649587
2021-08-24 20:00:00,3170.63,3213.52,3168.79,3179.29,13493.82709,2021-08-24 20:00:00,3214.3406389532856
2021-08-24 20:30:00,3179.28,3205.22,3179.28,3195.43,5578.58244,2021-08-24 20:30:00,3214.0203836408646
2021-08-24 21:00:00,3195.43,3195.44,3168.32,3176.89,8608.3203,2021-08-24 21:00:00,3213.2442871444077
2021-08-24 21:30:00,3176.88,3204.79,3174.61,3203.45,8003.41293,2021-08-24 21:30:00,3212.8480131826236
2021-08-24 22:00:00,3203.46,3209.03,3191.0,3196.25,5475.38043,2021-08-24 22:00:00,3212.649422612
2021-08-24 22:30:00,3196.25,3216.0,3196.1,3205.52,6050.14382,2021-08-24 22:30:00,3212.5454959694216
2021-08-24 23:00:00,3205.53,3207.38,3191.33,3200.76,4224.83112,2021-08-24 23:00:00,3212.4106848258953
2021-08-24 23:30:00,3200.76,3203.42,3173.3,3175.0,7656.33477,2021-08-24 23:30:00,3211.8736262386665
2021-08-25 00:00:00,3175.0,3192.38,3163.3,3165.47,8193.67816,2021-08-25 00:00:00,3173.7166666666667
2021-08-25 00:30:00,3165.47,3180.44,3160.06,3175.24,6585.12384,2021-08-25 00:30:00,3172.9131392004488
2021-08-25 01:00:00,3175.24,3194.11,3174.15,3191.63,6727.32463,2021-08-25 01:00:00,3177.203906063803
2021-08-25 01:30:00,3191.63,3216.7,3191.62,3211.75,10459.32431,2021-08-25 01:30:00,3186.8519670185096
2021-08-25 02:00:00,3211.75,3222.26,3200.0,3205.69,8424.71277,2021-08-25 02:00:00,3191.537727723985
2021-08-25 02:30:00,3205.95,3218.83,3201.01,3201.01,5174.0542,2021-08-25 02:30:00,3193.287871493791
2021-08-25 03:00:00,3201.02,3212.02,3201.02,3201.96,6180.98921,2021-08-25 03:00:00,3194.686890725758
2021-08-25 03:30:00,3201.96,3203.89,3173.59,3183.6,10243.5066,2021-08-25 03:30:00,3193.42105455982
2021-08-25 04:00:00,3183.38,3187.92,3160.03,3164.27,12115.61505,2021-08-25 04:00:00,3189.712837637328
2021-08-25 04:30:00,3164.66,3169.52,3100.0,3103.51,41871.4283,2021-08-25 04:30:00,3166.1120905361972
2021-08-25 05:00:00,3103.85,3120.6,3080.0,3102.0,27182.70807,2021-08-25 05:00:00,3153.723390306599
2021-08-25 05:30:00,3102.0,3112.52,3091.45,3098.01,13490.90565,2021-08-25 05:30:00,3149.153482438567
2021-08-25 06:00:00,3097.93,3125.56,3093.92,3123.58,10997.29832,2021-08-25 06:00:00,3146.8706597417463
2021-08-25 06:30:00,3123.57,3131.03,3116.0,3124.46,9096.21746,2021-08-25 06:30:00,3145.6848533112866
2021-08-25 07:00:00,3124.47,3132.43,3113.3,3120.82,10507.74074,2021-08-25 07:00:00,3144.36604395683
2021-08-25 07:30:00,3120.82,3143.0,3120.81,3139.68,6931.73491,2021-08-25 07:30:00,3144.0137364335305
2021-08-25 08:00:00,3139.69,3147.95,3112.78,3142.6,11713.95722,2021-08-25 08:00:00,3143.469252234887
2021-08-25 08:30:00,3142.59,3156.0,3132.85,3149.18,8873.70976,2021-08-25 08:30:00,3143.574228978267
2021-08-25 09:00:00,3149.18,3159.72,3143.3,3156.48,8530.70813,2021-08-25 09:00:00,3143.9406867300563
2021-08-25 09:30:00,3156.44,3157.01,3121.79,3132.81,12674.8513,2021-08-25 09:30:00,3143.578806278969
2021-08-25 10:00:00,3132.82,3160.0,3102.67,3147.28,22032.14571,2021-08-25 10:00:00,3142.987132273827
2021-08-25 10:30:00,3147.27,3191.7,3143.08,3187.44,23385.57955,2021-08-25 10:30:00,3145.5705938981796
2021-08-25 11:00:00,3187.44,3196.87,3173.3,3187.29,13382.88626,2021-08-25 11:00:00,3147.3979233217187
2021-08-25 11:30:00,3187.3,3224.0,3175.45,3217.17,17623.47576,2021-08-25 11:30:00,3150.677905850481
2021-08-25 12:00:00,3217.17,3230.0,3204.11,3210.83,11823.58163,2021-08-25 12:00:00,3153.0228365162366
2021-08-25 12:30:00,3210.82,3219.7,3202.51,3215.05,7474.13369,2021-08-25 12:30:00,3154.3612321516025
2021-08-25 13:00:00,3215.04,3216.96,3201.0,3211.51,6348.75571,2021-08-25 13:00:00,3155.402851275954
2021-08-25 13:30:00,3211.5,3239.0,3211.5,3224.82,12466.40514,2021-08-25 13:30:00,3157.881952230565
2021-08-25 14:00:00,3224.83,3237.36,3219.63,3230.58,8345.25748,2021-08-25 14:00:00,3159.5402246804856
2021-08-25 14:30:00,3230.58,3239.27,3228.72,3231.8,5580.46697,2021-08-25 14:30:00,3160.6691109672943
2021-08-25 15:00:00,3231.8,3248.0,3220.2,3229.98,9002.71775,2021-08-25 15:00:00,3162.4062363650214
2021-08-25 15:30:00,3229.97,3235.19,3203.3,3214.5,7092.34884,2021-08-25 15:30:00,3163.436113548376
2021-08-25 16:00:00,3214.49,3239.01,3214.48,3225.68,5922.46829,2021-08-25 16:00:00,3164.400887230732
2021-08-25 16:30:00,3225.67,3228.4,3198.3,3207.57,6416.04221,2021-08-25 16:30:00,3165.1688170180964
2021-08-25 17:00:00,3207.58,3225.32,3206.82,3211.4,4353.06289,2021-08-25 17:00:00,3165.709568048228
2021-08-25 17:30:00,3211.27,3224.78,3202.62,3221.96,5908.7152,2021-08-25 17:30:00,3166.4533175984047
2021-08-25 18:00:00,3221.95,3239.93,3210.9,3211.0,7660.78013,2021-08-25 18:00:00,3167.4632691081893
2021-08-25 18:30:00,3211.0,3224.46,3210.68,3217.99,3897.69317,2021-08-25 18:30:00,3167.935538383263
2021-08-25 19:00:00,3218.0,3236.89,3207.43,3233.92,5210.73707,2021-08-25 19:00:00,3168.6570755370976
2021-08-25 19:30:00,3233.92,3234.55,3221.53,3226.87,4704.01946,2021-08-25 19:30:00,3169.3106303658383
2021-08-25 20:00:00,3226.88,3235.0,3208.14,3228.16,9357.00079,2021-08-25 20:00:00,3170.484795357253
2021-08-25 20:30:00,3228.16,3250.0,3222.22,3246.32,8792.08342,2021-08-25 20:30:00,3171.855538472217
2021-08-25 21:00:00,3246.32,3249.93,3224.63,3232.69,5603.94732,2021-08-25 21:00:00,3172.654140670977
2021-08-25 21:30:00,3232.69,3232.74,3210.33,3210.54,6146.51568,2021-08-25 21:30:00,3173.2656171716385
2021-08-25 22:00:00,3210.53,3222.8,3210.01,3214.03,4439.54995,2021-08-25 22:00:00,3173.6752619187037
2021-08-25 22:30:00,3214.02,3221.19,3207.42,3213.4,5385.76702,2021-08-25 22:30:00,3174.143025771514
2021-08-25 23:00:00,3213.41,3215.0,3153.3,3155.56,23478.74681,2021-08-25 23:00:00,3174.165982960374
2021-08-25 23:30:00,3155.57,3163.4,3140.73,3148.84,11227.97395,2021-08-25 23:30:00,3173.6445415067537
2021-08-26 00:00:00,3148.84,3164.47,3135.71,3160.85,11507.40902,2021-08-26 00:00:00,3153.6766666666667
2021-08-26 00:30:00,3160.85,3161.35,3143.55,3158.56,8469.50691,2021-08-26 00:30:00,3154.0200780631576
2021-08-26 01:00:00,3158.56,3167.08,3130.37,3132.62,9213.12773,2021-08-26 01:00:00,3150.654431461949
2021-08-26 01:30:00,3132.62,3135.77,3106.48,3119.39,19208.09932,2021-08-26 01:30:00,3138.70535860744
2021-08-26 02:00:00,3119.85,3133.14,3100.0,3112.09,6836.26743,2021-08-26 02:00:00,3135.7808762796813
2021-08-26 02:30:00,3112.12,3119.79,3089.21,3091.77,13297.8028,2021-08-26 02:30:00,3128.8878560205485
2021-08-26 03:00:00,3091.78,3102.49,3061.01,3099.01,22024.8089,2021-08-26 03:00:00,3118.8225272104155
2021-08-26 03:30:00,3099.0,3120.0,3090.96,3105.16,10024.5551,2021-08-26 03:30:00,3117.482100973214
2021-08-26 04:00:00,3105.16,3116.7,3085.58,3095.68,12594.8053,2021-08-26 04:00:00,3115.4609361283638
2021-08-26 04:30:00,3095.69,3110.0,3085.14,3100.99,8097.4921,2021-08-26 04:30:00,3114.342471220705
2021-08-26 05:00:00,3100.99,3110.26,3087.0,3105.96,8241.8568,2021-08-26 05:00:00,3113.4980770059133
2021-08-26 05:30:00,3105.97,3105.97,3080.59,3085.05,9267.9082,2021-08-26 05:30:00,3111.964724488537
2021-08-26 06:00:00,3085.06,3104.0,3072.89,3095.43,9724.0999,2021-08-26 06:00:00,3110.57713886308
2021-08-26 06:30:00,3095.42,3109.94,3093.33,3099.83,7143.1305,2021-08-26 06:30:00,3110.1391544922812
2021-08-26 07:00:00,3099.84,3118.59,3092.32,3107.69,7419.2118,2021-08-26 07:00:00,3109.9599344835174
2021-08-26 07:30:00,3107.69,3107.69,3085.8,3087.54,8363.1893,2021-08-26 07:30:00,3109.165572628942
2021-08-26 08:00:00,3087.55,3131.7,3053.3,3130.08,30916.05198,2021-08-26 08:00:00,3108.533207618197
2021-08-26 08:30:00,3130.1,3130.7,3085.22,3099.4,10524.5629,2021-08-26 08:30:00,3108.3637981783963
2021-08-26 09:00:00,3099.39,3115.91,3093.49,3109.19,7776.0475,2021-08-26 09:00:00,3108.2874250868326
2021-08-26 09:30:00,3109.19,3130.91,3103.2,3125.67,8131.9588,2021-08-26 09:30:00,3108.7011371688645
2021-08-26 10:00:00,3125.67,3148.2,3118.82,3120.14,13971.35039,2021-08-26 10:00:00,3109.872481620047
2021-08-26 10:30:00,3120.14,3129.99,3107.41,3117.04,8991.7747,2021-08-26 10:30:00,3110.1680171922685
2021-08-26 11:00:00,3117.04,3134.0,3110.0,3124.56,8642.7038,2021-08-26 11:00:00,3110.589064043171
2021-08-26 11:30:00,3124.31,3125.33,3093.84,3104.77,8635.8384,2021-08-26 11:30:00,3110.505311320966
2021-08-26 12:00:00,3104.76,3117.74,3075.09,3089.14,14029.3441,2021-08-26 12:00:00,3109.6867400135247
2021-08-26 12:30:00,3089.14,3119.9,3082.23,3110.57,7855.7238,2021-08-26 12:30:00,3109.5394757091976
2021-08-26 13:00:00,3110.25,3126.83,3109.64,3112.68,6830.0329,2021-08-26 13:00:00,3109.696471689082
2021-08-26 13:30:00,3112.62,3121.0,3108.04,3111.95,3951.395,2021-08-26 13:30:00,3109.748427784377
2021-08-26 14:00:00,3111.95,3118.99,3093.3,3104.21,7060.9474,2021-08-26 14:00:00,3109.6512688282983
2021-08-26 14:30:00,3104.22,3134.0,3103.6,3122.38,7581.5317,2021-08-26 14:30:00,3109.899136756323
2021-08-26 15:00:00,3122.39,3126.45,3095.2,3096.12,6589.7432,2021-08-26 15:00:00,3109.8180041576074
2021-08-26 15:30:00,3096.33,3119.34,3096.11,3108.72,4407.3493,2021-08-26 15:30:00,3109.794288523831
2021-08-26 16:00:00,3109.04,3123.0,3104.09,3112.46,4467.8563,2021-08-26 16:00:00,3109.839924087589
2021-08-26 16:30:00,3112.49,3121.19,3111.02,3118.41,3659.9976,2021-08-26 16:30:00,3109.9166618633926
2021-08-26 17:00:00,3118.41,3140.0,3118.41,3136.15,5894.6258,2021-08-26 17:00:00,3110.2897182818365
2021-08-26 17:30:00,3136.14,3140.0,3127.92,3135.72,3634.4317,2021-08-26 17:30:00,3110.545265128879
2021-08-26 18:00:00,3135.72,3141.17,3125.0,3138.72,4885.2677,2021-08-26 18:00:00,3110.886215150637
2021-08-26 18:30:00,3138.71,3147.0,3118.88,3125.36,6171.5718,2021-08-26 18:30:00,3111.2246936041024
2021-08-26 19:00:00,3125.67,3128.78,3111.65,3125.19,4466.3014,2021-08-26 19:00:00,3111.3566180357175
2021-08-26 19:30:00,3125.19,3137.99,3088.25,3093.2,7357.2095,2021-08-26 19:30:00,3111.2590873754857
2021-08-26 20:00:00,3093.06,3109.44,3060.18,3076.66,16119.7115,2021-08-26 20:00:00,3110.034712513195
2021-08-26 20:30:00,3076.66,3114.74,3065.8,3112.98,13555.2939,2021-08-26 20:30:00,3109.6188999546634
2021-08-26 21:00:00,3112.98,3136.75,3111.99,3132.48,12061.7444,2021-08-26 21:00:00,3110.1328868781934
2021-08-26 21:30:00,3132.47,3144.99,3115.29,3119.93,8388.7606,2021-08-26 21:30:00,3110.466110960674
2021-08-26 22:00:00,3119.94,3134.42,3118.3,3124.68,4567.4324,2021-08-26 22:00:00,3110.631854356951
2021-08-26 22:30:00,3124.69,3128.0,3108.62,3109.35,4251.8981,2021-08-26 22:30:00,3110.6785908666548
2021-08-26 23:00:00,3109.17,3113.58,3083.19,3083.33,7796.0595,2021-08-26 23:00:00,3110.3680469820706
2021-08-26 23:30:00,3083.33,3098.96,3082.47,3094.26,5811.9456,2021-08-26 23:30:00,3110.1242916526153
2021-08-27 00:00:00,3094.16,3101.9,3077.0,3083.34,7788.372,2021-08-27 00:00:00,3087.4133333333334
2021-08-27 00:30:00,3083.34,3107.02,3075.79,3102.03,5403.2202,2021-08-27 00:30:00,3090.4989547066198
2021-08-27 01:00:00,3102.04,3116.51,3097.33,3111.76,4929.3817,2021-08-27 01:00:00,3095.4047802137907
2021-08-27 01:30:00,3111.75,3119.46,3101.56,3111.16,5112.2696,2021-08-27 01:30:00,3098.7762257172003
2021-08-27 02:00:00,3111.39,3117.4,3105.42,3110.66,5340.1837,2021-08-27 02:00:00,3101.090670852066
2021-08-27 02:30:00,3110.66,3113.51,3101.81,3108.45,6206.9694,2021-08-27 02:30:00,3102.310039550747
2021-08-27 03:00:00,3108.45,3131.42,3091.76,3116.17,11338.8338,2021-08-27 03:00:00,3104.966947477077
2021-08-27 03:30:00,3116.16,3129.92,3105.71,3127.11,9517.836,2021-08-27 03:30:00,3107.694896579954
2021-08-27 04:00:00,3126.17,3129.63,3115.43,3117.46,5458.2221,2021-08-27 04:00:00,3108.869273455088
2021-08-27 04:30:00,3117.46,3124.92,3106.48,3112.44,5782.6259,2021-08-27 04:30:00,3109.3659359141543
2021-08-27 05:00:00,3112.44,3120.0,3102.5,3109.99,5044.3548,2021-08-27 05:00:00,3109.4686198086015
2021-08-27 05:30:00,3109.99,3119.98,3102.7,3112.19,4024.0507,2021-08-27 05:30:00,3109.5827882960134
2021-08-27 06:00:00,3112.2,3123.11,3110.0,3114.47,4277.1943,2021-08-27 06:00:00,3109.917463913105
2021-08-27 06:30:00,3114.46,3123.1,3110.12,3120.57,6540.001,2021-08-27 06:30:00,3110.5214273866923
2021-08-27 07:00:00,3120.57,3139.98,3116.54,3137.77,7810.9941,2021-08-27 07:00:00,3112.24828527399
2021-08-27 07:30:00,3137.76,3173.62,3137.76,3154.73,21298.37322,2021-08-27 07:30:00,3120.1744052957506
2021-08-27 08:00:00,3155.46,3164.87,3146.53,3151.54,8953.0705,2021-08-27 08:00:00,3122.623000496669
2021-08-27 08:30:00,3151.53,3166.67,3146.14,3156.13,7201.3567,2021-08-27 08:30:00,3124.4606210966276
2021-08-27 09:00:00,3156.14,3157.58,3132.29,3146.05,9101.0489,2021-08-27 09:00:00,3125.8049354637733
2021-08-27 09:30:00,3146.05,3171.4,3144.13,3165.7,10250.4581,2021-08-27 09:30:00,3128.1481811817825
2021-08-27 10:00:00,3165.7,3234.18,3159.96,3224.29,37067.10864,2021-08-27 10:00:00,3143.4897428137037
2021-08-27 10:30:00,3224.64,3241.86,3219.97,3228.79,17806.97737,2021-08-27 10:30:00,3150.9765043584234
2021-08-27 11:00:00,3228.84,3250.81,3225.34,3233.79,26138.1522,2021-08-27 11:00:00,3160.6122441767484
2021-08-27 11:30:00,3233.79,3240.72,3219.46,3238.97,14774.8711,2021-08-27 11:30:00,3164.94236573619
2021-08-27 12:00:00,3238.96,3250.0,3220.16,3231.89,16773.2906,2021-08-27 12:00:00,3169.3320253604475
2021-08-27 12:30:00,3231.89,3242.0,3231.69,3232.01,6059.1248,2021-08-27 12:30:00,3170.8109390729396
2021-08-27 13:00:00,3232.0,3241.38,3231.75,3238.94,5617.5293,2021-08-27 13:00:00,3172.1672563762845
2021-08-27 13:30:00,3238.93,3244.25,3230.0,3232.69,5551.4798,2021-08-27 13:30:00,3173.4206190561217
2021-08-27 14:00:00,3232.69,3238.99,3230.83,3236.82,3766.08,2021-08-27 14:00:00,3174.2417640686594
2021-08-27 14:30:00,3236.82,3239.63,3226.5,3229.95,4365.2972,2021-08-27 14:30:00,3175.1136941856457
2021-08-27 15:00:00,3229.95,3244.0,3227.34,3229.56,6510.8245,2021-08-27 15:00:00,3176.401722572226
2021-08-27 15:30:00,3229.56,3234.8,3224.59,3232.36,9301.7189,2021-08-27 15:30:00,3178.0535203277877
2021-08-27 16:00:00,3232.36,3266.81,3222.63,3266.79,26877.41643,2021-08-27 16:00:00,3184.046347807035
2021-08-27 16:30:00,3266.8,3276.7,3255.4,3262.41,12984.93398,2021-08-27 16:30:00,3187.0873251198295
2021-08-27 17:00:00,3262.4,3276.69,3257.76,3266.55,5208.5211,2021-08-27 17:00:00,3188.275926143665
2021-08-27 17:30:00,3266.55,3276.89,3264.72,3274.06,3982.8469,2021-08-27 17:30:00,3189.2162281630362
2021-08-27 18:00:00,3274.06,3275.35,3253.89,3260.01,5416.5608,2021-08-27 18:00:00,3190.328926147392
2021-08-27 18:30:00,3260.0,3273.85,3260.0,3273.85,4662.9297,2021-08-27 18:30:00,3191.3390326112917
2021-08-27 19:00:00,3273.84,3280.0,3261.86,3266.32,7442.35907,2021-08-27 19:00:00,3192.901929307667
2021-08-27 19:30:00,3266.32,3274.98,3260.2,3273.45,6788.122,2021-08-27 19:30:00,3194.2765280374006
2021-08-27 20:00:00,3273.89,3287.0,3257.03,3273.06,11722.48411,2021-08-27 20:00:00,3196.622446355154
2021-08-27 20:30:00,3273.06,3283.13,3264.45,3267.87,7809.5807,2021-08-27 20:30:00,3198.0978859666507
2021-08-27 21:00:00,3267.87,3270.42,3251.63,3257.32,6898.88,2021-08-27 21:00:00,3199.149010401834
2021-08-27 21:30:00,3257.31,3265.3,3256.73,3260.26,4836.5255,2021-08-27 21:30:00,3199.876294717961
2021-08-27 22:00:00,3260.27,3260.27,3248.24,3258.23,5374.1298,2021-08-27 22:00:00,3200.5974390193273
2021-08-27 22:30:00,3258.23,3259.06,3239.23,3245.13,5015.7829,2021-08-27 22:30:00,3201.161050081579
2021-08-27 23:00:00,3245.13,3250.96,3240.14,3249.77,3228.0589,2021-08-27 23:00:00,3201.5102347163347
2021-08-27 23:30:00,3249.76,3256.7,3243.31,3244.46,3666.8304,2021-08-27 23:30:00,3201.910781897734
2021-08-28 00:00:00,3244.46,3258.64,3244.45,3247.54,5053.9828,2021-08-28 00:00:00,3250.2100000000005
2021-08-28 00:30:00,3247.53,3254.0,3243.0,3248.62,3821.858,2021-08-28 00:30:00,3249.4909128730656
2021-08-28 01:00:00,3248.62,3251.18,3237.05,3245.98,4800.6227,2021-08-28 01:00:00,3247.8221084880847
2021-08-28 01:30:00,3245.98,3248.99,3233.83,3241.41,3909.3374,2021-08-28 01:30:00,3246.3966917175967
2021-08-28 02:00:00,3241.01,3251.51,3225.77,3251.05,8829.7865,2021-08-28 02:00:00,3245.1866467604154
2021-08-28 02:30:00,3251.05,3254.09,3240.69,3245.65,2952.1679,2021-08-28 02:30:00,3245.349832924128
2021-08-28 03:00:00,3245.65,3245.65,3223.3,3239.56,6319.8886,2021-08-28 03:00:00,3243.724185638203
2021-08-28 03:30:00,3239.55,3240.1,3229.38,3230.16,5646.5096,2021-08-28 03:30:00,3242.2883360218893
2021-08-28 04:00:00,3230.28,3249.4,3229.48,3244.45,7512.0072,2021-08-28 04:00:00,3242.1071207829928
2021-08-28 04:30:00,3244.45,3248.0,3237.0,3238.72,2788.1731,2021-08-28 04:30:00,3242.060297619728
2021-08-28 05:00:00,3238.71,3249.0,3237.76,3247.1,3627.7015,2021-08-28 05:00:00,3242.228330449392
2021-08-28 05:30:00,3247.26,3259.0,3240.94,3247.38,7249.6856,2021-08-28 05:30:00,3243.026033253097
2021-08-28 06:00:00,3247.38,3249.75,3241.0,3249.01,3902.9648,2021-08-28 06:00:00,3243.235279547533
2021-08-28 06:30:00,3249.01,3249.99,3238.01,3239.5,4272.6407,2021-08-28 06:30:00,3243.190836144724
2021-08-28 07:00:00,3239.51,3241.97,3231.45,3234.48,4738.3165,2021-08-28 07:00:00,3242.7370063844387
2021-08-28 07:30:00,3234.48,3238.39,3210.31,3222.24,13072.2149,2021-08-28 07:30:00,3239.9171299545624
2021-08-28 08:00:00,3222.24,3238.69,3220.19,3227.2,9186.215,2021-08-28 08:00:00,3238.8616435694894
2021-08-28 08:30:00,3227.02,3247.93,3220.0,3240.14,7949.3944,2021-08-28 08:30:00,3238.6480479345564
2021-08-28 09:00:00,3240.13,3242.16,3225.8,3226.51,6798.5626,2021-08-28 09:00:00,3238.215213651804
2021-08-28 09:30:00,3226.51,3235.86,3223.31,3229.61,5581.2877,2021-08-28 09:30:00,3237.807452938083
2021-08-28 10:00:00,3229.61,3234.67,3219.22,3222.84,5356.9138,2021-08-28 10:00:00,3237.27637451607
2021-08-28 10:30:00,3222.84,3227.9,3211.01,3227.58,7302.5028,2021-08-28 10:30:00,3236.4317987419918
2021-08-28 11:00:00,3227.59,3234.84,3218.3,3226.19,5187.7918,2021-08-28 11:00:00,3236.050392306249
2021-08-28 11:30:00,3226.18,3247.0,3226.13,3246.15,5810.7254,2021-08-28 11:30:00,3236.202543935124
2021-08-28 12:00:00,3246.38,3254.19,3235.64,3253.0,9579.1206,2021-08-28 12:00:00,3236.9250109017303
2021-08-28 12:30:00,3253.0,3265.0,3245.91,3246.76,9005.0503,2021-08-28 12:30:00,3237.803382719065
2021-08-28 13:00:00,3246.76,3251.43,3237.86,3247.58,7505.2329,2021-08-28 13:00:00,3238.153229651837
2021-08-28 13:30:00,3247.57,3249.6,3242.8,3244.89,3513.3066,2021-08-28 13:30:00,3238.309334101255
2021-08-28 14:00:00,3244.87,3250.0,3241.25,3245.29,2672.167,2021-08-28 14:00:00,3238.420002209594
2021-08-28 14:30:00,3245.29,3248.87,3238.23,3239.26,2832.3035,2021-08-28 14:30:00,3238.479282725669
2021-08-28 15:00:00,3239.27,3239.27,3222.32,3224.09,8364.2663,2021-08-28 15:00:00,3238.031155292642
2021-08-28 15:30:00,3224.09,3232.73,3220.0,3230.24,4165.8496,2021-08-28 15:30:00,3237.802858368248
2021-08-28 16:00:00,3230.24,3240.58,3226.91,3232.09,2842.8677,2021-08-28 16:00:00,3237.7346607451414
2021-08-28 16:30:00,3232.09,3238.64,3228.62,3237.32,2441.1263,2021-08-28 16:30:00,3237.6985986747623
2021-08-28 17:00:00,3237.16,3246.22,3234.63,3245.87,2840.0754,2021-08-28 17:00:00,3237.763926898379
2021-08-28 17:30:00,3245.85,3249.93,3245.01,3247.36,2488.0605,2021-08-28 17:30:00,3237.8842649667067
2021-08-28 18:00:00,3247.37,3254.65,3242.23,3244.23,5156.59,2021-08-28 18:00:00,3238.114398630678
2021-08-28 18:30:00,3244.23,3245.71,3228.8,3233.71,3257.8609,2021-08-28 18:30:00,3238.0824812729975
2021-08-28 19:00:00,3233.59,3245.91,3233.28,3236.99,2822.7587,2021-08-28 19:00:00,3238.0910927435184
2021-08-28 19:30:00,3236.99,3244.79,3233.85,3244.48,2650.1893,2021-08-28 19:30:00,3238.1276449756474
2021-08-28 20:00:00,3244.75,3258.28,3232.73,3249.98,8525.1035,2021-08-28 20:00:00,3238.467717148967
2021-08-28 20:30:00,3249.99,3281.27,3249.99,3281.27,18831.4214,2021-08-28 20:30:00,3240.995778344109
2021-08-28 21:00:00,3281.27,3285.0,3270.62,3279.35,7616.7925,2021-08-28 21:00:00,3242.1386139716897
2021-08-28 21:30:00,3279.07,3282.12,3260.0,3269.85,6389.4747,2021-08-28 21:30:00,3242.8527055798027
2021-08-28 22:00:00,3269.85,3274.66,3263.49,3270.37,6174.862,2021-08-28 22:00:00,3243.482463452009
2021-08-28 22:30:00,3270.37,3274.72,3221.12,3229.48,14092.1822,2021-08-28 22:30:00,3243.395019524062
2021-08-28 23:00:00,3229.47,3232.43,3180.93,3184.16,19449.4557,2021-08-28 23:00:00,3240.4783543248905
2021-08-28 23:30:00,3184.15,3190.0,3160.0,3180.28,25088.4849,2021-08-28 23:30:00,3235.4823618106175
2021-08-29 00:00:00,3180.54,3183.42,3152.34,3181.58,19202.5898,2021-08-29 00:00:00,3172.4466666666667
2021-08-29 00:30:00,3181.5,3188.01,3176.14,3178.86,8091.6983,2021-08-29 00:30:00,3174.9833866157883
2021-08-29 01:00:00,3178.85,3191.7,3171.42,3188.56,5939.3116,2021-08-29 01:00:00,3176.5757193866166
2021-08-29 01:30:00,3188.55,3197.31,3183.65,3190.87,5436.6784,2021-08-29 01:30:00,3178.548807608869
2021-08-29 02:00:00,3190.86,3200.46,3185.2,3197.02,5507.7565,2021-08-29 02:00:00,3180.503395016695
2021-08-29 02:30:00,3197.01,3198.91,3187.0,3192.06,6022.8656,2021-08-29 02:30:00,3181.9614868329063
2021-08-29 03:00:00,3192.05,3208.17,3191.72,3206.98,5956.1499,2021-08-29 03:00:00,3184.1175771448393
2021-08-29 03:30:00,3206.98,3209.18,3200.32,3206.3,3818.7007,2021-08-29 03:30:00,3185.464155418293
2021-08-29 04:00:00,3206.3,3219.33,3201.5,3210.4,6369.9415,2021-08-29 04:00:00,3187.8592403913317
2021-08-29 04:30:00,3210.4,3214.17,3192.63,3206.66,5023.8619,2021-08-29 04:30:00,3189.029681965418
2021-08-29 05:00:00,3206.59,3210.42,3191.13,3197.67,5651.383,2021-08-29 05:00:00,3189.815547620468
2021-08-29 05:30:00,3197.66,3203.84,3191.38,3203.66,4555.8222,2021-08-29 05:30:00,3190.363469777297
2021-08-29 06:00:00,3203.67,3210.76,3191.9,3196.18,4468.3651,2021-08-29 06:00:00,3190.8438196836246
2021-08-29 06:30:00,3196.18,3209.05,3195.39,3203.07,4250.4987,2021-08-29 06:30:00,3191.3926696262292
2021-08-29 07:00:00,3203.06,3208.91,3195.0,3200.51,4358.2062,2021-08-29 07:00:00,3191.8568200081727
2021-08-29 07:30:00,3200.5,3200.51,3181.35,3181.83,6494.137,2021-08-29 07:30:00,3191.6025610323763
2021-08-29 08:00:00,3181.83,3202.02,3177.0,3198.14,6513.6117,2021-08-29 08:00:00,3191.6500000512324
2021-08-29 08:30:00,3198.13,3206.83,3193.21,3195.56,5141.8559,2021-08-29 08:30:00,3191.9637591859787
2021-08-29 09:00:00,3195.56,3203.0,3191.1,3202.65,5013.2245,2021-08-29 09:00:00,3192.259612816291
2021-08-29 09:30:00,3202.65,3203.37,3184.96,3186.83,3742.8378,2021-08-29 09:30:00,3192.2429980448605
2021-08-29 10:00:00,3186.83,3198.75,3181.66,3184.26,4770.6645,2021-08-29 10:00:00,3192.0912015805825
2021-08-29 10:30:00,3184.77,3195.49,3171.41,3173.81,6275.2876,2021-08-29 10:30:00,3191.5302094279473
2021-08-29 11:00:00,3173.97,3185.63,3165.57,3178.22,6600.8241,2021-08-29 11:00:00,3190.8162488512353
2021-08-29 11:30:00,3178.23,3190.0,3178.02,3186.99,3128.8415,2021-08-29 11:30:00,3190.6884680753096
2021-08-29 12:00:00,3186.99,3196.14,3182.63,3187.53,5015.9518,2021-08-29 12:00:00,3190.6230483704526
2021-08-29 12:30:00,3187.34,3215.0,3180.83,3204.55,7145.6185,2021-08-29 12:30:00,3191.0625997499665
2021-08-29 13:00:00,3204.56,3206.67,3191.96,3202.99,3624.7611,2021-08-29 13:00:00,3191.2798587793695
2021-08-29 13:30:00,3202.99,3208.0,3197.35,3204.09,3677.9494,2021-08-29 13:30:00,3191.5496095964413
2021-08-29 14:00:00,3204.09,3208.65,3195.42,3208.57,3750.2809,2021-08-29 14:00:00,3191.836487363205
2021-08-29 14:30:00,3208.58,3209.01,3198.24,3205.11,2775.2885,2021-08-29 14:30:00,3192.0390140146887
2021-08-29 15:00:00,3205.39,3225.0,3204.82,3219.02,5247.3664,2021-08-29 15:00:00,3192.7718574058126
2021-08-29 15:30:00,3219.02,3223.94,3211.14,3220.23,3752.5529,2021-08-29 15:30:00,3193.3149766371293
2021-08-29 16:00:00,3220.24,3239.08,3218.23,3238.17,8436.7728,2021-08-29 16:00:00,3195.064069455286
2021-08-29 16:30:00,3238.17,3244.0,3227.38,3235.99,5035.257,2021-08-29 16:30:00,3196.1388537550415
2021-08-29 17:00:00,3235.99,3247.96,3234.59,3234.59,4642.7594,2021-08-29 17:00:00,3197.158148604325
2021-08-29 17:30:00,3234.59,3241.9,3213.66,3241.64,5525.8033,2021-08-29 17:30:00,3198.127168470903
2021-08-29 18:00:00,3241.65,3255.65,3237.93,3253.01,13228.1739,2021-08-29 18:00:00,3201.260533125423
2021-08-29 18:30:00,3253.02,3258.37,3232.96,3235.8,6398.8051,2021-08-29 18:30:00,3202.453203677079
2021-08-29 19:00:00,3235.81,3246.68,3224.02,3224.83,4392.6116,2021-08-29 19:00:00,3203.027016981244
2021-08-29 19:30:00,3224.83,3234.34,3221.26,3223.47,4653.9392,2021-08-29 19:30:00,3203.499823292241
2021-08-29 20:00:00,3223.47,3229.71,3211.76,3216.38,7083.2572,2021-08-29 20:00:00,3203.9721010565845
2021-08-29 20:30:00,3216.37,3220.42,3182.01,3190.53,13702.7415,2021-08-29 20:30:00,3203.6263510749354
2021-08-29 21:00:00,3190.54,3208.68,3186.58,3208.54,5725.8712,2021-08-29 21:00:00,3203.573603845564
2021-08-29 21:30:00,3208.55,3224.0,3200.04,3205.37,5834.5867,2021-08-29 21:30:00,3203.712343974428
2021-08-29 22:00:00,3205.36,3216.91,3204.01,3213.99,4727.7144,2021-08-29 22:00:00,3203.8528092298457
2021-08-29 22:30:00,3214.0,3214.64,3192.87,3195.45,8110.0519,2021-08-29 22:30:00,3203.768229170692
2021-08-29 23:00:00,3195.43,3198.43,3170.0,3172.55,14133.0652,2021-08-29 23:00:00,3202.6216850799306
2021-08-29 23:30:00,3172.55,3175.11,3143.0,3161.64,16953.9454,2021-08-29 23:30:00,3200.2549171281903
2021-08-30 00:00:00,3161.64,3172.56,3145.49,3162.17,9014.5816,2021-08-30 00:00:00,3160.0733333333333
2021-08-30 00:30:00,3162.17,3166.31,3148.3,3163.95,6642.9638,2021-08-30 00:30:00,3159.838572825938
2021-08-30 01:00:00,3163.94,3174.96,3155.75,3165.58,6386.3073,2021-08-30 01:00:00,3161.4584608130835
2021-08-30 01:30:00,3165.59,3175.65,3162.2,3169.93,6773.7085,2021-08-30 01:30:00,3163.292250700324
2021-08-30 02:00:00,3169.93,3169.93,3154.07,3158.81,9637.2592,2021-08-30 02:00:00,3162.701911864683
2021-08-30 02:30:00,3158.82,3176.66,3150.0,3168.94,7947.4177,2021-08-30 02:30:00,3163.1297651466734
2021-08-30 03:00:00,3168.94,3184.96,3160.14,3183.39,8643.5582,2021-08-30 03:00:00,3165.176359305491
2021-08-30 03:30:00,3183.39,3186.15,3172.43,3180.11,6759.383,2021-08-30 03:30:00,3166.7498045857515
2021-08-30 04:00:00,3180.12,3191.8,3174.56,3191.49,7073.174,2021-08-30 04:00:00,3168.721488235148
2021-08-30 04:30:00,3191.49,3203.89,3185.98,3194.1,6505.0116,2021-08-30 04:30:00,3170.959497068647
2021-08-30 05:00:00,3194.09,3198.13,3185.3,3186.69,4600.2286,2021-08-30 05:00:00,3172.0569055676438
2021-08-30 05:30:00,3186.69,3191.42,3178.31,3180.63,5610.7656,2021-08-30 05:30:00,3172.803948778703
2021-08-30 06:00:00,3180.63,3185.78,3177.05,3182.01,6889.3088,2021-08-30 06:00:00,3173.4601789208773
2021-08-30 06:30:00,3182.01,3195.92,3178.21,3191.87,6562.3745,2021-08-30 06:30:00,3174.4676968892836
2021-08-30 07:00:00,3191.88,3195.4,3170.78,3171.84,6126.8281,2021-08-30 07:00:00,3174.7515320976268
2021-08-30 07:30:00,3171.84,3189.44,3166.14,3187.49,9417.4581,2021-08-30 07:30:00,3175.266971978727
2021-08-30 08:00:00,3187.48,3188.93,3153.81,3155.52,11455.5781,2021-08-30 08:00:00,3174.4326275145754
2021-08-30 08:30:00,3155.51,3176.15,3154.47,3159.0,8515.5691,2021-08-30 08:30:00,3173.7222054212834
2021-08-30 09:00:00,3158.99,3174.86,3149.14,3161.01,10709.5822,2021-08-30 09:00:00,3172.833700261154
2021-08-30 09:30:00,3161.01,3179.76,3157.86,3176.99,8403.9748,2021-08-30 09:30:00,3172.7627698214833
2021-08-30 10:00:00,3176.99,3185.24,3171.16,3178.32,7959.0975,2021-08-30 10:00:00,3173.0324765284754
2021-08-30 10:30:00,3178.33,3180.0,3164.0,3169.53,8884.0146,2021-08-30 10:30:00,3172.9357886251632
2021-08-30 11:00:00,3169.53,3181.04,3166.29,3177.47,8760.0536,2021-08-30 11:00:00,3173.033394462674
2021-08-30 11:30:00,3177.47,3224.56,3177.47,3217.64,24119.9401,2021-08-30 11:30:00,3177.008747054796
2021-08-30 12:00:00,3217.86,3249.0,3213.7,3248.73,21477.0109,2021-08-30 12:00:00,3182.7519835477688
2021-08-30 12:30:00,3248.73,3269.0,3239.37,3268.62,27705.9931,2021-08-30 12:30:00,3191.1153737940044
2021-08-30 13:00:00,3268.61,3274.78,3255.74,3264.91,21951.6949,2021-08-30 13:00:00,3197.0346627092217
2021-08-30 13:30:00,3264.91,3293.7,3261.26,3290.86,18092.78514,2021-08-30 13:30:00,3202.2842851140617
2021-08-30 14:00:00,3290.71,3300.0,3278.3,3288.37,19921.32,2021-08-30 14:00:00,3207.8044164117746
2021-08-30 14:30:00,3288.37,3324.92,3288.32,3323.75,25343.79082,2021-08-30 14:30:00,3215.644449485993
2021-08-30 15:00:00,3323.76,3343.75,3297.61,3312.99,50725.95087,2021-08-30 15:00:00,3229.0200992299265
2021-08-30 15:30:00,3312.89,3341.17,3312.12,3341.16,20258.7669,2021-08-30 15:30:00,3234.0968989479743
2021-08-30 16:00:00,3341.17,3347.95,3324.11,3325.97,19128.53848,2021-08-30 16:00:00,3238.5026683461383
2021-08-30 16:30:00,3325.96,3346.62,3325.38,3339.47,17254.1275,2021-08-30 16:30:00,3242.3255939697588
2021-08-30 17:00:00,3339.47,3341.17,3307.42,3311.22,13547.9855,2021-08-30 17:00:00,3244.617354435294
2021-08-30 17:30:00,3311.21,3333.45,3309.86,3331.08,8165.2832,2021-08-30 17:30:00,3246.019339248292
2021-08-30 18:00:00,3331.1,3339.15,3290.55,3293.04,16811.7355,2021-08-30 18:00:00,3248.1586068249417
2021-08-30 18:30:00,3293.03,3300.0,3274.54,3284.13,16936.2309,2021-08-30 18:30:00,3249.4461004964314
2021-08-30 19:00:00,3284.14,3284.14,3245.75,3259.87,20964.0986,2021-08-30 19:00:00,3250.0009507415
2021-08-30 19:30:00,3259.88,3260.1,3211.19,3229.64,27392.591,2021-08-30 19:30:00,3249.1848934212107
2021-08-30 20:00:00,3229.14,3249.82,3202.0,3202.32,25139.4814,2021-08-30 20:00:00,3247.8216441871728
2021-08-30 20:30:00,3202.29,3215.55,3188.77,3214.34,15464.7552,2021-08-30 20:30:00,3246.730613561394
2021-08-30 21:00:00,3214.33,3224.9,3203.84,3214.93,11202.8967,2021-08-30 21:00:00,3246.130760847317
2021-08-30 21:30:00,3214.94,3219.37,3205.07,3215.3,5783.1431,2021-08-30 21:30:00,3245.8172879930958
2021-08-30 22:00:00,3215.3,3228.4,3201.92,3227.14,8087.5851,2021-08-30 22:00:00,3245.466502091262
2021-08-30 22:30:00,3227.31,3227.88,3209.61,3219.56,6731.8488,2021-08-30 22:30:00,3245.1800010858406
2021-08-30 23:00:00,3219.55,3225.5,3214.5,3224.7,6757.267,2021-08-30 23:00:00,3244.926020380044
2021-08-30 23:30:00,3224.7,3244.81,3216.26,3237.78,10091.3311,2021-08-30 23:30:00,3244.73669328703
2021-08-31 00:00:00,3237.78,3251.54,3224.93,3234.92,13938.3691,2021-08-31 00:00:00,3237.1299999999997
2021-08-31 00:30:00,3234.91,3252.48,3220.39,3228.5,9667.7462,2021-08-31 00:30:00,3235.762122570883
2021-08-31 01:00:00,3228.63,3242.94,3223.36,3237.46,7019.8506,2021-08-31 01:00:00,3235.4926935229496
2021-08-31 01:30:00,3237.47,3242.49,3230.0,3237.51,6382.4119,2021-08-31 01:30:00,3235.695155252108
2021-08-31 02:00:00,3237.52,3250.94,3225.0,3232.88,8305.0867,2021-08-31 02:00:00,3235.80112417648
2021-08-31 02:30:00,3232.88,3239.37,3226.64,3232.61,7044.7469,2021-08-31 02:30:00,3235.4071927392783
2021-08-31 03:00:00,3232.61,3301.93,3214.28,3297.94,33444.0665,2021-08-31 03:00:00,3249.4299957217722
2021-08-31 03:30:00,3297.94,3368.58,3297.15,3358.12,72106.18007,2021-08-31 03:30:00,3291.3732417454144
2021-08-31 04:00:00,3358.11,3370.0,3341.15,3367.34,43388.08583,2021-08-31 04:00:00,3306.056777546474
2021-08-31 04:30:00,3367.33,3370.0,3335.55,3345.99,17606.0562,2021-08-31 04:30:00,3309.6323614803423
2021-08-31 05:00:00,3345.99,3352.55,3318.0,3327.78,17661.4245,2021-08-31 05:00:00,3311.3602717131735
2021-08-31 05:30:00,3327.8,3349.96,3321.59,3335.98,13663.6735,2021-08-31 05:30:00,3312.697168319473
2021-08-31 06:00:00,3335.99,3336.0,3310.26,3330.59,14580.3736,2021-08-31 06:00:00,3313.4085179074536
2021-08-31 06:30:00,3330.59,3356.67,3324.32,3332.03,14315.0333,2021-08-31 06:30:00,3314.6529567759744
2021-08-31 07:00:00,3332.02,3400.0,3321.24,3398.98,34961.68525,2021-08-31 07:00:00,3321.1930019385795
2021-08-31 07:30:00,3398.99,3439.0,3388.13,3429.95,44303.33768,2021-08-31 07:30:00,3333.28703505057
2021-08-31 08:00:00,3429.9,3437.33,3406.0,3417.03,25527.4109,2021-08-31 08:00:00,3339.0607549246392
2021-08-31 08:30:00,3417.2,3429.59,3398.46,3415.65,16276.3734,2021-08-31 08:30:00,3342.131687585121
2021-08-31 09:00:00,3415.65,3445.0,3410.0,3412.02,23313.16865,2021-08-31 09:00:00,3346.5470063128587
2021-08-31 09:30:00,3412.02,3432.44,3407.76,3431.67,12195.3295,2021-08-31 09:30:00,3348.7137160340894
2021-08-31 10:00:00,3431.67,3476.0,3402.59,3409.0,42599.36844,2021-08-31 10:00:00,3355.881862497194
2021-08-31 10:30:00,3409.0,3420.89,3371.24,3377.58,25545.9511,2021-08-31 10:30:00,3357.6068167419
2021-08-31 11:00:00,3377.58,3400.78,3365.0,3378.54,30014.2949,2021-08-31 11:00:00,3358.9467488544224
2021-08-31 11:30:00,3378.54,3391.86,3365.62,3386.63,23033.1582,2021-08-31 11:30:00,3359.8741767828565
2021-08-31 12:00:00,3386.84,3414.61,3375.01,3401.35,23923.0212,2021-08-31 12:00:00,3361.402926530851
2021-08-31 12:30:00,3401.36,3410.6,3383.11,3386.83,18125.2791,2021-08-31 12:30:00,3362.374657662547
2021-08-31 13:00:00,3386.83,3393.58,3375.0,3381.86,11783.1884,2021-08-31 13:00:00,3362.7818595270946
2021-08-31 13:30:00,3381.86,3384.49,3339.01,3364.01,24338.9943,2021-08-31 13:30:00,3362.77118493208
2021-08-31 14:00:00,3364.01,3380.99,3357.14,3380.24,10593.7727,2021-08-31 14:00:00,3362.935570941137
2021-08-31 14:30:00,3380.02,3416.5,3373.61,3413.11,16919.5689,2021-08-31 14:30:00,3363.9094569817985
2021-08-31 15:00:00,3413.1,3422.57,3407.1,3408.71,12113.5542,2021-08-31 15:00:00,3364.787129679903
2021-08-31 15:30:00,3408.72,3419.1,3394.54,3414.3,9270.108,2021-08-31 15:30:00,3365.390618644943
2021-08-31 16:00:00,3414.31,3415.97,3392.49,3414.73,11418.3964,2021-08-31 16:00:00,3366.0858478561704
2021-08-31 16:30:00,3414.97,3427.48,3380.91,3390.66,12725.7532,2021-08-31 16:30:00,3366.689647317292
2021-08-31 17:00:00,3390.85,3421.21,3377.0,3412.29,13258.4546,2021-08-31 17:00:00,3367.36621127265
2021-08-31 17:30:00,3412.29,3436.02,3400.76,3400.76,10393.0767,2021-08-31 17:30:00,3368.0074322227156
2021-08-31 18:00:00,3400.69,3410.77,3372.78,3385.95,13602.1915,2021-08-31 18:00:00,3368.4057372930815
2021-08-31 18:30:00,3385.63,3414.89,3371.01,3412.86,9408.3977,2021-08-31 18:30:00,3368.794416988396
2021-08-31 19:00:00,3412.85,3428.88,3400.01,3424.9,9033.3702,2021-08-31 19:00:00,3369.3755373486706
2021-08-31 19:30:00,3424.91,3445.0,3423.69,3429.2,10012.5125,2021-08-31 19:30:00,3370.1939989708426
2021-08-31 20:00:00,3429.19,3445.0,3401.0,3434.06,19648.0848,2021-08-31 20:00:00,3371.5928993013135
2021-08-31 20:30:00,3433.8,3434.2,3391.39,3398.13,12124.8389,2021-08-31 20:30:00,3372.1394563639515
2021-08-31 21:00:00,3398.13,3408.31,3382.22,3404.36,12992.6599,2021-08-31 21:00:00,3372.554629467536
2021-08-31 21:30:00,3404.37,3437.91,3387.46,3424.97,14464.959,2021-08-31 21:30:00,3373.322558483356
2021-08-31 22:00:00,3424.97,3440.57,3414.39,3440.34,9150.4775,2021-08-31 22:00:00,3373.957556591719
2021-08-31 22:30:00,3440.34,3447.0,3408.61,3420.7,15000.5129,2021-08-31 22:30:00,3374.85841769724
2021-08-31 23:00:00,3420.7,3432.79,3410.21,3416.74,6921.1263,2021-08-31 23:00:00,3375.2192846972116
2021-08-31 23:30:00,3416.75,3445.0,3408.78,3442.15,10102.3185,2021-08-31 23:30:00,3375.875163758095
2021-09-01 00:00:00,3442.45,3455.0,3428.22,3450.68,13996.9951,2021-09-01 00:00:00,3444.633333333333
2021-09-01 00:30:00,3450.68,3461.94,3436.97,3461.0,17960.0514,2021-09-01 00:30:00,3449.505925224389
2021-09-01 01:00:00,3461.0,3500.0,3454.51,3492.86,32273.36382,2021-09-01 01:00:00,3466.0624326701195
2021-09-01 01:30:00,3492.86,3532.49,3483.0,3525.84,34264.93986,2021-09-01 01:30:00,3482.6614432363017
2021-09-01 02:00:00,3525.84,3531.71,3510.22,3516.49,12748.3151,2021-09-01 02:00:00,3486.880016700259
2021-09-01 02:30:00,3516.49,3533.3,3505.67,3519.69,14895.69569,2021-09-01 02:30:00,3490.7383823841083
2021-09-01 03:00:00,3519.68,3545.05,3519.05,3524.3,12796.94332,2021-09-01 03:00:00,3494.3055109426045
2021-09-01 03:30:00,3524.29,3524.29,3500.18,3516.86,14601.23838,2021-09-01 03:30:00,3496.1571947804277
2021-09-01 04:00:00,3516.85,3533.0,3513.17,3514.54,14958.8962,2021-09-01 04:00:00,3498.294939191602
2021-09-01 04:30:00,3514.54,3537.48,3512.35,3531.99,15192.0067,2021-09-01 04:30:00,3500.6916057679364
2021-09-01 05:00:00,3531.99,3559.4,3530.14,3549.6,24736.41781,2021-09-01 05:00:00,3506.114026061104
2021-09-01 05:30:00,3549.6,3555.0,3524.19,3538.64,16635.8634,2021-09-01 05:30:00,3508.5653162839276
2021-09-01 06:00:00,3538.65,3541.78,3522.0,3536.89,14646.778,2021-09-01 06:00:00,3510.0923555032973
2021-09-01 06:30:00,3536.9,3553.44,3534.94,3543.58,12956.6485,2021-09-01 06:30:00,3511.8304599007447
2021-09-01 07:00:00,3543.59,3557.54,3536.28,3539.47,11516.429,2021-09-01 07:00:00,3513.2515722540666
2021-09-01 07:30:00,3539.46,3540.32,3526.22,3530.99,13301.0479,2021-09-01 07:30:00,3514.1747226253583
2021-09-01 08:00:00,3530.86,3545.0,3517.0,3540.85,18261.1044,2021-09-01 08:00:00,3515.4163606997436
2021-09-01 08:30:00,3540.85,3543.84,3531.65,3536.01,7299.7471,2021-09-01 08:30:00,3515.9402863620007
2021-09-01 09:00:00,3536.01,3552.12,3517.11,3528.25,15274.1938,2021-09-01 09:00:00,3516.734572263106
2021-09-01 09:30:00,3528.26,3545.45,3528.25,3534.72,9107.7169,2021-09-01 09:30:00,3517.2743583824795
2021-09-01 10:00:00,3534.72,3553.85,3533.35,3549.4,12484.9964,2021-09-01 10:00:00,3518.3123208871207
2021-09-01 10:30:00,3549.39,3566.41,3528.85,3529.5,18880.74507,2021-09-01 10:30:00,3519.537095338467
2021-09-01 11:00:00,3529.5,3553.45,3529.49,3551.82,11326.2545,2021-09-01 11:00:00,3520.3138597487855
2021-09-01 11:30:00,3551.72,3585.0,3546.42,3580.56,20705.50222,2021-09-01 11:30:00,3522.981167143516
2021-09-01 12:00:00,3580.56,3600.0,3575.87,3592.88,27352.5937,2021-09-01 12:00:00,3527.337583089147
2021-09-01 12:30:00,3592.6,3790.0,3590.01,3741.58,105681.47536,2021-09-01 12:30:00,3563.6219337010884
2021-09-01 13:00:00,3741.58,3744.68,3702.08,3713.6,35233.9158,2021-09-01 13:00:00,3573.4844619513055
2021-09-01 13:30:00,3713.61,3722.0,3681.69,3693.06,29379.5871,2021-09-01 13:30:00,3579.746717885091
2021-09-01 14:00:00,3693.11,3723.42,3693.11,3720.08,15461.3762,2021-09-01 14:00:00,3583.1377710161587
2021-09-01 14:30:00,3720.07,3720.08,3690.03,3697.28,9444.0598,2021-09-01 14:30:00,3584.975012398049
2021-09-01 15:00:00,3697.28,3720.0,3696.04,3715.5,10937.7099,2021-09-01 15:00:00,3587.174394113527
2021-09-01 15:30:00,3715.51,3717.76,3692.89,3713.11,11632.2953,2021-09-01 15:30:00,3589.3829951033463
2021-09-01 16:00:00,3713.1,3740.98,3710.0,3734.7,12335.23,2021-09-01 16:00:00,3592.0312026864376
2021-09-01 16:30:00,3734.71,3739.07,3721.35,3729.02,6371.0232,2021-09-01 16:30:00,3593.3720895719252
2021-09-01 17:00:00,3728.94,3761.07,3726.92,3761.07,8839.7076,2021-09-01 17:00:00,3595.454673114525
2021-09-01 17:30:00,3761.07,3784.3,3746.43,3768.7,11840.0295,2021-09-01 17:30:00,3598.4530631877574
2021-09-01 18:00:00,3768.7,3800.01,3764.54,3791.74,24694.28919,2021-09-01 18:00:00,3605.048915251626
2021-09-01 18:30:00,3791.73,3792.97,3751.77,3760.2,12156.705,2021-09-01 18:30:00,3607.835783887919
2021-09-01 19:00:00,3760.21,3789.14,3760.2,3784.75,11801.486,2021-09-01 19:00:00,3610.6100805503133
2021-09-01 19:30:00,3784.75,3842.0,3767.42,3826.82,21371.60666,2021-09-01 19:30:00,3616.386839252881
2021-09-01 20:00:00,3826.82,3836.8,3787.33,3791.77,21233.2084,2021-09-01 20:00:00,3621.6194172755268
2021-09-01 20:30:00,3791.78,3799.53,3769.5,3778.72,11716.4597,2021-09-01 20:30:00,3624.042539427138
2021-09-01 21:00:00,3778.73,3787.14,3741.55,3783.66,20403.85,2021-09-01 21:00:00,3627.7911875904747
2021-09-01 21:30:00,3783.57,3802.9,3768.8,3771.5,14870.8747,2021-09-01 21:30:00,3630.5928078351158
2021-09-01 22:00:00,3771.5,3781.86,3761.27,3765.83,11258.8931,2021-09-01 22:00:00,3632.4909588473456
2021-09-01 22:30:00,3765.79,3777.23,3733.0,3741.76,15615.9047,2021-09-01 22:30:00,3634.6866389935885
2021-09-01 23:00:00,3741.76,3768.03,3740.18,3750.12,8878.8504,2021-09-01 23:00:00,3635.9211414354227
2021-09-01 23:30:00,3750.13,3769.17,3746.87,3763.31,7144.2234,2021-09-01 23:30:00,3636.954326116754
2021-09-02 00:00:00,3763.32,3770.0,3742.7,3746.99,7667.7175,2021-09-02 00:00:00,3753.2299999999996
2021-09-02 00:30:00,3747.0,3766.7,3746.99,3759.61,5607.4059,2021-09-02 00:30:00,3755.1462858729424
2021-09-02 01:00:00,3759.6,3770.0,3750.21,3757.0,6660.4077,2021-09-02 01:00:00,3756.4571882839873
2021-09-02 01:30:00,3757.0,3770.0,3755.0,3758.43,7030.6341,2021-09-02 01:30:00,3757.6789627163967
2021-09-02 02:00:00,3758.44,3768.35,3749.18,3758.43,9461.44,2021-09-02 02:00:00,3757.9320386207633
2021-09-02 02:30:00,3758.42,3759.02,3727.72,3753.62,19876.1893,2021-09-02 02:30:00,3753.997534299238
2021-09-02 03:00:00,3753.61,3770.73,3746.33,3747.81,16975.1318,2021-09-02 03:00:00,3754.219718209031
2021-09-02 03:30:00,3747.87,3750.0,3721.42,3733.41,13903.5766,2021-09-02 03:30:00,3751.1455842397672
2021-09-02 04:00:00,3733.42,3753.42,3730.57,3752.02,8031.2883,2021-09-02 04:00:00,3750.655601736681
2021-09-02 04:30:00,3752.02,3754.99,3739.5,3745.96,8301.7976,2021-09-02 04:30:00,3750.3477248041318
2021-09-02 05:00:00,3745.95,3752.17,3725.1,3726.22,8347.1613,2021-09-02 05:00:00,3749.1649241047853
2021-09-02 05:30:00,3726.22,3743.36,3726.21,3738.5,7508.0636,2021-09-02 05:30:00,3748.3383577418786
2021-09-02 06:00:00,3738.5,3742.0,3717.04,3740.4,9482.2687,2021-09-02 06:00:00,3747.2204046894603
2021-09-02 06:30:00,3740.13,3765.0,3739.44,3758.59,10802.8143,2021-09-02 06:30:00,3747.77138518674
2021-09-02 07:00:00,3758.6,3758.98,3743.78,3751.56,5597.1188,2021-09-02 07:00:00,3747.912750051838
2021-09-02 07:30:00,3751.56,3767.94,3745.0,3760.62,7267.9365,2021-09-02 07:30:00,3748.38643925398
2021-09-02 08:00:00,3760.62,3795.0,3758.0,3787.08,13705.6388,2021-09-02 08:00:00,3750.9952248061663
2021-09-02 08:30:00,3787.08,3790.0,3762.6,3775.09,9743.4981,2021-09-02 08:30:00,3752.37402249259
2021-09-02 09:00:00,3775.08,3789.5,3764.06,3789.01,7498.0234,2021-09-02 09:00:00,3753.538058737547
2021-09-02 09:30:00,3789.0,3805.0,3777.47,3793.41,9880.1928,2021-09-02 09:30:00,3755.5014386969783
2021-09-02 10:00:00,3793.4,3833.96,3765.65,3814.49,40661.8636,2021-09-02 10:00:00,3764.05023467509
2021-09-02 10:30:00,3814.49,3814.76,3751.21,3764.43,22647.5181,2021-09-02 10:30:00,3765.175276144009
2021-09-02 11:00:00,3764.43,3776.79,3739.24,3767.91,15967.3392,2021-09-02 11:00:00,3764.9490865247585
2021-09-02 11:30:00,3767.91,3773.0,3751.97,3756.31,12576.9027,2021-09-02 11:30:00,3764.749655774823
2021-09-02 12:00:00,3756.31,3791.47,3755.0,3782.91,14206.6528,2021-09-02 12:00:00,3765.3053004852795
2021-09-02 12:30:00,3782.91,3787.54,3774.0,3783.7,6353.9296,2021-09-02 12:30:00,3765.6469620018224
2021-09-02 13:00:00,3783.71,3785.72,3767.65,3778.62,5903.6774,2021-09-02 13:00:00,3765.868265723362
2021-09-02 13:30:00,3778.59,3804.43,3767.01,3798.75,10834.4372,2021-09-02 13:30:00,3766.6811011713585
2021-09-02 14:00:00,3798.76,3808.3,3768.25,3772.15,12286.4071,2021-09-02 14:00:00,3767.276321338806
2021-09-02 14:30:00,3772.15,3778.74,3759.0,3778.0,9325.1357,2021-09-02 14:30:00,3767.401980266475
2021-09-02 15:00:00,3777.99,3789.1,3769.42,3785.57,5665.146,2021-09-02 15:00:00,3767.6281044323446
2021-09-02 15:30:00,3785.57,3790.55,3772.92,3783.89,4516.2713,2021-09-02 15:30:00,3767.817085431394
2021-09-02 16:00:00,3783.9,3800.62,3777.0,3793.0,7398.9403,2021-09-02 16:00:00,3768.2750964848374
2021-09-02 16:30:00,3793.0,3811.21,3788.18,3807.51,7532.107,2021-09-02 16:30:00,3768.9691975576425
2021-09-02 17:00:00,3807.51,3821.23,3800.75,3813.4,9002.7576,2021-09-02 17:00:00,3769.9885190644864
2021-09-02 17:30:00,3813.39,3830.74,3808.92,3829.39,7217.9599,2021-09-02 17:30:00,3770.9815393262897
2021-09-02 18:00:00,3829.39,3830.0,3792.46,3796.26,8908.4371,2021-09-02 18:00:00,3771.7780266149925
2021-09-02 18:30:00,3796.77,3810.88,3796.4,3803.63,6360.3679,2021-09-02 18:30:00,3772.28370546035
2021-09-02 19:00:00,3803.6,3803.6,3779.48,3781.75,8358.3506,2021-09-02 19:00:00,3772.610480726027
2021-09-02 19:30:00,3780.75,3796.7,3779.39,3785.82,4971.029,2021-09-02 19:30:00,3772.786883906356
2021-09-02 20:00:00,3785.82,3803.86,3781.87,3791.49,7910.8749,2021-09-02 20:00:00,3773.154719016659
2021-09-02 20:30:00,3791.48,3792.06,3723.15,3730.46,24474.4624,2021-09-02 20:30:00,3771.806185925638
2021-09-02 21:00:00,3730.45,3744.32,3718.22,3724.46,13384.5942,2021-09-02 21:00:00,3770.560151458714
2021-09-02 21:30:00,3724.22,3745.0,3705.05,3742.19,10968.6293,2021-09-02 21:30:00,3769.632547457764
2021-09-02 22:00:00,3742.19,3769.01,3737.08,3768.67,11893.0532,2021-09-02 22:00:00,3769.352165094635
2021-09-02 22:30:00,3768.7,3775.86,3758.8,3773.12,6853.061,2021-09-02 22:30:00,3769.3508748461827
2021-09-02 23:00:00,3773.13,3785.91,3766.42,3780.14,7870.389,2021-09-02 23:00:00,3769.479661057449
2021-09-02 23:30:00,3780.14,3818.32,3780.14,3806.83,14952.8227,2021-09-02 23:30:00,3770.421850357629
2021-09-03 00:00:00,3806.83,3826.67,3796.75,3808.05,11406.3224,2021-09-03 00:00:00,3810.49
2021-09-03 00:30:00,3808.05,3818.2,3802.15,3810.02,6581.6859,2021-09-03 00:30:00,3810.355839241913
2021-09-03 01:00:00,3809.9,3817.64,3784.0,3800.65,10851.8614,2021-09-03 01:00:00,3806.746372705433
2021-09-03 01:30:00,3800.65,3807.45,3790.02,3797.34,7856.4712,2021-09-03 01:30:00,3804.931631060696
2021-09-03 02:00:00,3797.34,3813.22,3789.97,3790.23,5959.14,2021-09-03 02:00:00,3803.9362452527484
2021-09-03 02:30:00,3790.23,3799.8,3778.89,3791.84,7227.2442,2021-09-03 02:30:00,3801.9426926885826
2021-09-03 03:00:00,3791.83,3801.02,3779.97,3791.39,9634.5048,2021-09-03 03:00:00,3800.1378614421424
2021-09-03 03:30:00,3791.39,3812.88,3787.33,3797.92,9930.0328,2021-09-03 03:30:00,3800.029020736349
2021-09-03 04:00:00,3797.93,3808.0,3788.98,3802.6,7635.9045,2021-09-03 04:00:00,3800.0122774414353
2021-09-03 04:30:00,3802.59,3897.76,3797.62,3890.17,41710.62145,2021-09-03 04:30:00,3821.7246065647173
2021-09-03 05:00:00,3890.18,3963.0,3876.99,3939.86,54927.39545,2021-09-03 05:00:00,3854.8895178830076
2021-09-03 05:30:00,3939.7,3974.0,3936.03,3966.62,28189.4357,2021-09-03 05:30:00,3869.408451937781
2021-09-03 06:00:00,3966.62,3980.0,3948.83,3958.32,19606.28553,2021-09-03 06:00:00,3877.6375849199503
2021-09-03 06:30:00,3958.32,3981.12,3927.35,3950.41,27455.19941,2021-09-03 06:30:00,3885.94370390555
2021-09-03 07:00:00,3950.42,3964.0,3922.27,3948.61,17289.1384,2021-09-03 07:00:00,3889.775808416892
2021-09-03 07:30:00,3948.66,3963.61,3948.27,3953.48,9166.251,2021-09-03 07:30:00,3891.950468805511
2021-09-03 08:00:00,3953.5,3959.76,3925.0,3940.49,14697.7007,2021-09-03 08:00:00,3894.4733059031323
2021-09-03 08:30:00,3940.5,3979.12,3940.49,3950.74,21161.4874,2021-09-03 08:30:00,3898.7091853531283
2021-09-03 09:00:00,3950.74,3964.77,3943.19,3943.36,10153.5287,2021-09-03 09:00:00,3900.3432382603714
2021-09-03 09:30:00,3943.36,3967.61,3941.17,3963.67,10282.96,2021-09-03 09:30:00,3902.1145022645296
2021-09-03 10:00:00,3963.51,3990.0,3957.87,3990.0,24340.70513,2021-09-03 10:00:00,3907.390257992333
2021-09-03 10:30:00,3990.0,4027.88,3942.88,3979.38,51457.90682,2021-09-03 10:30:00,3916.9855071978504
2021-09-03 11:00:00,3979.37,3983.21,3957.58,3971.22,12242.5639,2021-09-03 11:00:00,3918.551232916567
2021-09-03 11:30:00,3971.22,3975.53,3954.0,3968.8,8334.7595,2021-09-03 11:30:00,3919.4771654399783
2021-09-03 12:00:00,3968.67,3977.0,3954.98,3968.53,10450.7933,2021-09-03 12:00:00,3920.6057584657065
2021-09-03 12:30:00,3968.53,3984.82,3965.16,3970.28,7032.2013,2021-09-03 12:30:00,3921.43927573948
2021-09-03 13:00:00,3970.28,3982.86,3968.29,3979.28,5938.3864,2021-09-03 13:00:00,3922.1675101500164
2021-09-03 13:30:00,3979.28,3979.99,3952.22,3962.69,8639.3933,2021-09-03 13:30:00,3922.971054226005
2021-09-03 14:00:00,3962.69,3963.68,3943.52,3955.01,8313.574,2021-09-03 14:00:00,3923.522939043556
2021-09-03 14:30:00,3955.0,3961.65,3931.44,3951.87,7461.2557,2021-09-03 14:30:00,3923.911683987777
2021-09-03 15:00:00,3951.87,3952.57,3925.0,3948.52,6455.9283,2021-09-03 15:00:00,3924.154164955968
2021-09-03 15:30:00,3948.51,3953.92,3933.88,3943.85,4097.7447,2021-09-03 15:30:00,3924.320345892514
2021-09-03 16:00:00,3943.84,3944.43,3905.25,3909.0,10692.0489,2021-09-03 16:00:00,3924.217972895171
2021-09-03 16:30:00,3909.0,3922.16,3905.46,3916.7,5745.2864,2021-09-03 16:30:00,3924.110079905766
2021-09-03 17:00:00,3916.71,3943.19,3915.09,3928.99,5752.4791,2021-09-03 17:00:00,3924.1663962299012
2021-09-03 17:30:00,3928.99,3941.6,3920.85,3936.45,4591.7466,2021-09-03 17:30:00,3924.2451240266614
